0,0,-0.000606413994169096,0.999999942494677,0,0,0.000339132189315796,0,0,-0.0120699708454811,0,0,-0.118950437317784,0,0,0.0134669886454641,0,0,0
0,0,-0.00240233236151604,0.999999106390844,0,0,0.00133686854761429,0,0,-0.0237900874635569,0,0,-0.115451895043732,0,0,0.0263441821677692,0,0,0.128771935223051
0,0,-0.00535276967930029,0.999995608183632,0,0,0.00296371615516737,0,0,-0.0351603498542274,0,0,-0.111953352769679,0,0,0.0386315805669153,0,0,0.122873983991461
0,0,-0.00942274052478134,0.999986530957352,0,0,0.00519017378144975,0,0,-0.0461807580174927,0,0,-0.108454810495627,0,0,0.0503291838429023,0,0,0.116976032759871
0,0,-0.0145772594752187,0.999968105610866,0,0,0.0079867240478001,0,0,-0.0568513119533528,0,0,-0.104956268221574,0,0,0.0614369919957304,0,0,0.11107808152828
0,0,-0.0207813411078717,0.999935883445652,0,0,0.0113238243435797,0,0,-0.0671720116618076,0,0,-0.101457725947522,0,0,0.0719550050253994,0,0,0.105180130296691
0,0,-0.028,0.999884900140319,0,0,0.0151718974220432,0,0,-0.0771428571428571,0,0,-0.0979591836734694,0,0,0.0818832229319094,0,0,0.0992821790651002
0,0,-0.036198250728863,0.999809831128986,0,0,0.0195013224635916,0,0,-0.0867638483965014,0,0,-0.0944606413994169,0,0,0.0912216457152604,0,0,0.0933842278335101
0,0,-0.0453411078717201,0.999705138391432,0,0,0.0242824272626897,0,0,-0.0960349854227405,0,0,-0.0909620991253644,0,0,0.0999702733754525,0,0,0.0874862766019202
0,0,-0.0553935860058309,0.999565208651779,0,0,0.0294854820704394,0,0,-0.104956268221574,0,0,-0.087463556851312,0,0,0.108129105912485,0,0,0.0815883253703298
0,0,-0.0663206997084548,0.999384482970747,0,0,0.0350806955075443,0,0,-0.113527696793003,0,0,-0.0839650145772595,0,0,0.115698143326359,0,0,0.0756903741387398
0,0,-0.0780874635568513,0.99915757770529,0,0,0.0410382128521432,0,0,-0.121749271137026,0,0,-0.080466472303207,0,0,0.122677385617074,0,0,0.0697924229071495
0,0,-0.0906588921282799,0.998879396799408,0,0,0.0473281169037079,0,0,-0.129620991253644,0,0,-0.0769679300291545,0,0,0.12906683278463,0,0,0.0638944716755602
0,0,-0.104,0.998545235361846,0,0,0.0539204315279017,0,0,-0.137142857142857,0,0,-0.073469387755102,0,0,0.134866484829027,0,0,0.0579965204439695
0,0,-0.118075801749271,0.998150874480619,0,0,0.0607851278979991,0,0,-0.144314868804665,0,0,-0.0699708454810496,0,0,0.140076341750265,0,0,0.0520985692123793
0,0,-0.132851311953353,0.997692667221216,0,0,0.0678921333662225,0,0,-0.151137026239067,0,0,-0.0664723032069971,0,0,0.144696403548344,0,0,0.0462006179807892
0,0,-0.148291545189504,0.997167615755108,0,0,0.0752113428232232,0,0,-0.157609329446064,0,0,-0.0629737609329446,0,0,0.148726670223264,0,0,0.040302666749199
0,0,-0.164361516034985,0.996573439567828,0,0,0.0827126323359871,0,0,-0.163731778425656,0,0,-0.0594752186588921,0,0,0.152167141775025,0,0,0.0344047155176094
0,0,-0.181026239067056,0.995908634701375,0,0,0.0903658747937717,0,0,-0.169504373177843,0,0,-0.0559766763848396,0,0,0.155017818203627,0,0,0.0285067642860182
0,0,-0.198250728862974,0.995172523993875,0,0,0.0981409572383521,0,0,-0.174927113702624,0,0,-0.0524781341107872,0,0,0.15727869950907,0,0,0.0226088130544289
0,0,-0.216,0.994365298289954,0,0,0.106007799508952,0,0,-0.18,0,0,-0.0489795918367347,0,0,0.158949785691354,0,0,0.016710861822839
0,0,-0.234239067055394,0.993488048607889,0,0,0.113936373793832,0,0,-0.184723032069971,0,0,-0.0454810495626822,0,0,0.160031076750478,0,0,0.010812910591248
0,0,-0.252932944606414,0.992542789263863,0,0,0.12189672464964,0,0,-0.189096209912536,0,0,-0.0419825072886297,0,0,0.160522572686444,0,0,0.00491495935965869
0,0,-0.272046647230321,0.991532471969049,0,0,0.129858989026355,0,0,-0.193119533527697,0,0,-0.0384839650145772,0,0,0.160424273499251,0,0,-0.00098299187193146
0,0,-0.291545189504373,0.990460990931326,0,0,0.137793415819976,0,0,-0.196793002915452,0,0,-0.0349854227405247,0,0,0.159736179188899,0,0,-0.00688094310352216
0,0,-0.311393586005831,0.989333179009602,0,0,0.145670384466968,0,0,-0.200116618075802,0,0,-0.0314868804664723,0,0,0.158458289755388,0,0,-0.0127788943351118
0,0,-0.331556851311954,0.98815479498444,0,0,0.153460422093968,0,0,-0.203090379008746,0,0,-0.0279883381924198,0,0,0.156590605198718,0,0,-0.0186768455667022
0,0,-0.352,0.986932502023338,0,0,0.161134218743116,0,0,-0.205714285714286,0,0,-0.0244897959183673,0,0,0.154133125518888,0,0,-0.0245747967982918
0,0,-0.372688046647231,0.985673837432122,0,0,0.168662640207706,0,0,-0.20798833819242,0,0,-0.0209912536443148,0,0,0.1510858507159,0,0,-0.0304727480298828
0,0,-0.393586005830904,0.9843871737948,0,0,0.176016738034443,0,0,-0.209912536443149,0,0,-0.0174927113702623,0,0,0.147448780789753,0,0,-0.0363706992614729
0,0,-0.41465889212828,0.983081671612453,0,0,0.183167756277314,0,0,-0.211486880466472,0,0,-0.0139941690962099,0,0,0.143221915740447,0,0,-0.0422686504930625
0,0,-0.435871720116618,0.98176722355684,0,0,0.190087134623819,0,0,-0.212711370262391,0,0,-0.0104956268221574,0,0,0.138405255567981,0,0,-0.0481666017246524
0,0,-0.457189504373178,0.980454390455847,0,0,0.196746507556941,0,0,-0.213586005830904,0,0,-0.0069970845481049,0,0,0.132998800272357,0,0,-0.0540645529562425
0,0,-0.478577259475219,0.979154329125443,0,0,0.203117699265485,0,0,-0.214110787172012,0,0,-0.00349854227405241,0,0,0.127002549853574,0,0,-0.0599625041878341
0,0,-0.5,0.977878712156082,0,0,0.20917271407132,0,0,-0.214285714285714,0,0,6.93889390390723e-17,0,0,0.120416504311631,0,0,-0.0658604554194225
0,0,-0.521422740524782,0.976639639750312,0,0,0.214883722204314,0,0,-0.214110787172012,0,0,0.00349854227405255,0,0,0.11324066364653,0,0,-0.0717584066510132
0,0,-0.542810495626822,0.975449543692594,0,0,0.220223040824322,0,0,-0.213586005830904,0,0,0.00699708454810502,0,0,0.10547502785827,0,0,-0.0776563578826032
0,0,-0.564128279883382,0.974321083512025,0,0,0.225163110264435,0,0,-0.212711370262391,0,0,0.0104956268221575,0,0,0.0971195969468504,0,0,-0.0835543091141938
0,0,-0.585341107871721,0.973267034873867,0,0,0.229676465550633,0,0,-0.211486880466472,0,0,0.01399416909621,0,0,0.088174370912272,0,0,-0.089452260345784
0,0,-0.606413994169096,0.972300170206743,0,0,0.2337357033402,0,0,-0.209912536443149,0,0,0.0174927113702625,0,0,0.0786393497545346,0,0,-0.0953502115773733
0,0,-0.62731195335277,0.971433131539486,0,0,0.237313444514608,0,0,-0.20798833819242,0,0,0.0209912536443149,0,0,0.0685145334736383,0,0,-0.101248162808963
0,0,-0.648,0.970678295485333,0,0,0.24038229276236,0,0,-0.205714285714286,0,0,0.0244897959183674,0,0,0.057799922069583,0,0,-0.107146114040553
0,0,-0.668443148688047,0.970047630272222,0,0,0.242914789593483,0,0,-0.203090379008746,0,0,0.0279883381924199,0,0,0.0464955155423686,0,0,-0.113044065272144
0,0,-0.688606413994169,0.969552544677071,0,0,0.24488336634042,0,0,-0.200116618075802,0,0,0.0314868804664723,0,0,0.0346013138919953,0,0,-0.118942016503734
0,0,-0.708454810495627,0.969203728680219,0,0,0.246260293820098,0,0,-0.196793002915452,0,0,0.0349854227405248,0,0,0.0221173171184629,0,0,-0.124839967735324
0,0,-0.727953352769679,0.969010985614817,0,0,0.247017630459449,0,0,-0.193119533527697,0,0,0.0384839650145773,0,0,0.00904352522177151,0,0,-0.130737918966914
0,0,-0.747067055393586,0.968983055546259,0,0,0.247127169822009,0,0,-0.189096209912536,0,0,0.0419825072886297,0,0,-0.00462006179807887,0,0,-0.136635870198504
0,0,-0.765760932944606,0.969127429580397,0,0,0.246560388616851,0,0,-0.184723032069971,0,0,0.0454810495626822,0,0,-0.0188734439410883,0,0,-0.142533821430094
0,0,-0.784,0.969450154768119,0,0,0.245288396423618,0,0,-0.18,0,0,0.0489795918367346,0,0,-0.0337166212072567,0,0,-0.148431772661684
0,0,-0.801749271137026,0.969955629249944,0,0,0.243281888529224,0,0,-0.174927113702624,0,0,0.0524781341107871,0,0,-0.049149593596584,0,0,-0.154329723893274
0,0,-0.818973760932944,0.970646387270054,0,0,0.240511103443465,0,0,-0.169504373177843,0,0,0.0559766763848396,0,0,-0.0651723611090704,0,0,-0.160227675124864
0,0,-0.835638483965014,0.971522873687207,0,0,0.236945786842793,0,0,-0.163731778425656,0,0,0.059475218658892,0,0,-0.0817849237447159,0,0,-0.166125626356455
0,0,-0.851708454810495,0.972583207623285,0,0,0.23255516388419,0,0,-0.157609329446064,0,0,0.0629737609329445,0,0,-0.0989872815035203,0,0,-0.172023577588044
0,0,-0.867148688046647,0.973822934922078,0,0,0.227307922034735,0,0,-0.151137026239067,0,0,0.066472303206997,0,0,-0.116779434385484,0,0,-0.177921528819635
0,0,-0.881924198250728,0.975234769144996,0,0,0.221172206777222,0,0,-0.144314868804665,0,0,0.0699708454810495,0,0,-0.135161382390606,0,0,-0.183819480051224
0,0,-0.896,0.976808320910609,0,0,0.214115632777702,0,0,-0.137142857142857,0,0,0.0734693877551019,0,0,-0.154133125518888,0,0,-0.189717431282815
0,0,-0.90934110787172,0.978529815495828,0,0,0.206105313336897,0,0,-0.129620991253645,0,0,0.0769679300291544,0,0,-0.173694663770328,0,0,-0.195615382514405
0,0,-0.921912536443148,0.980381798762708,0,0,0.19710791119282,0,0,-0.121749271137027,0,0,0.0804664723032068,0,0,-0.193845997144928,0,0,-0.201513333745995
0,0,-0.933679300291545,0.982342831661672,0,0,0.187089713995525,0,0,-0.113527696793003,0,0,0.0839650145772593,0,0,-0.214587125642686,0,0,-0.207411284977585
0,0,-0.944606413994168,0.9843871737948,0,0,0.176016738034444,0,0,-0.104956268221575,0,0,0.0874635568513118,0,0,-0.235918049263604,0,0,-0.213309236209175
0,0,-0.954658892128279,0.9864844568078,0,0,0.16385486406152,0,0,-0.096034985422741,0,0,0.0909620991253642,0,0,-0.25783876800768,0,0,-0.219207187440764
0,0,-0.963801749271136,0.98859934872257,0,0,0.150570009315633,0,0,-0.086763848396502,0,0,0.0944606413994167,0,0,-0.280349281874916,0,0,-0.225105138672356
0,0,-0.972,0.990691210730512,0,0,0.136128340110768,0,0,-0.0771428571428577,0,0,0.0979591836734692,0,0,-0.30344959086531,0,0,-0.231003089903944
0,0,-0.979218658892128,0.992713748446803,0,0,0.120496529596075,0,0,-0.0671720116618082,0,0,0.101457725947522,0,0,-0.327139694978864,0,0,-0.236901041135535
0,0,-0.985422740524781,0.994614660184613,0,0,0.103642065522871,0,0,-0.0568513119533535,0,0,0.104956268221574,0,0,-0.351419594215576,0,0,-0.242798992367125
0,0,-0.990577259475218,0.99633528545272,0,0,0.0855336130526912,0,0,-0.0461807580174934,0,0,0.108454810495627,0,0,-0.376289288575448,0,0,-0.248696943598716
0,0,-0.994647230320699,0.997810257616973,0,0,0.0661414378007471,0,0,-0.0351603498542282,0,0,0.111953352769679,0,0,-0.401748778058478,0,0,-0.254594894830304
0,0,-0.997597667638484,0.9989671655019,0,0,0.0454378944175367,0,0,-0.0237900874635577,0,0,0.115451895043732,0,0,-0.427798062664668,0,0,-0.260492846061897
0,0,-0.999393586005831,0.99972622964924,0,0,0.0233979860525341,0,0,-0.0120699708454821,0,0,0.118950437317784,0,0,-0.454437142394016,0,0,-0.266390797293485
0,0,-1,1,0,0,2.05881330472737e-15,0,0,-1.06858966120171e-15,0,0,0.122448979591836,0,0,-0.481666017246524,0,0,-0.272288748525074
0.00325925925925866,0,-1,0.999694434350592,0,0,-0.0247191813871341,0.0644444444444387,0,0,0.622222222222226,0,0,0,0,-0.506208047649085,0,0,-0.245420304025615
0.0127407407407395,0,-1,0.998724064823281,0,0,-0.0504999241867057,0.124444444444439,0,0,0.577777777777782,0,0,0,0,-0.524786594028595,0,0,-0.185785463795095
0.0279999999999982,0,-1,0.997029192523146,0,0,-0.0770246016324869,0.179999999999995,0,0,0.533333333333338,0,0,0,0,-0.537401656385052,0,0,-0.126150623564573
0.0485925925925902,0,-1,0.994580022451732,0,0,-0.103973933944581,0.231111111111106,0,0,0.488888888888893,0,0,0,0,-0.544053234718457,0,0,-0.0665157833340491
0.0740740740740711,0,-1,0.991378530226549,0,0,-0.13102904184129,0.277777777777773,0,0,0.444444444444449,0,0,0,0,-0.544741329028809,0,0,-0.0068809431035266
0.103999999999996,0,-1,0.987459320506041,0,0,-0.157873653108259,0.319999999999996,0,0,0.400000000000005,0,0,0,0,-0.53946593931611,0,0,0.0527538971269936
0.137925925925922,0,-1,0.982889477701341,0,0,-0.184196293730316,0.357777777777774,0,0,0.355555555555561,0,0,0,0,-0.528227065580358,0,0,0.112388737357517
0.175407407407403,0,-1,0.977767427739009,0,0,-0.209692291829341,0.391111111111107,0,0,0.311111111111116,0,0,0,0,-0.511024707821555,0,0,0.172023577588036
0.215999999999995,0,-1,0.972220846993514,0,0,-0.234065428184544,0.419999999999997,0,0,0.266666666666672,0,0,0,0,-0.487858866039699,0,0,0.23165841781856
0.259259259259254,0,-1,0.966403669011213,0,0,-0.257029081081627,0.444444444444442,0,0,0.222222222222228,0,0,0,0,-0.458729540234791,0,0,0.291293258049081
0.304740740740735,0,-1,0.960492249440585,0,0,-0.278306735032708,0.464444444444442,0,0,0.177777777777783,0,0,0,0,-0.42363673040683,0,0,0.350928098279603
0.351999999999994,0,-1,0.954680753108724,0,0,-0.297631751739897,0.479999999999998,0,0,0.133333333333339,0,0,0,0,-0.382580436555818,0,0,0.410562938510126
0.400592592592586,0,-1,0.949175823303251,0,0,-0.314746336684948,0.49111111111111,0,0,0.0888888888888949,0,0,0,0,-0.335560658681753,0,0,0.470197778740646
0.450074074074067,0,-1,0.944190581411951,0,0,-0.329399675125769,0.497777777777777,0,0,0.0444444444444506,0,0,0,0,-0.282577396784636,0,0,0.529832618971168
0.499999999999993,0,-1,0.939937985119234,0,0,-0.341345256492593,0.5,0,0,6.32827124036339e-15,0,0,0,0,-0.223630650864467,0,0,0.589467459201692
0.549925925925919,0,-1,0.936623546006245,0,0,-0.350337455985922,0.497777777777778,0,0,-0.044444444444438,0,0,0,0,-0.158720420921246,0,0,0.649102299432209
0.5994074074074,0,-1,0.934437374030766,0,0,-0.356127496852583,0.491111111111112,0,0,-0.0888888888888822,0,0,0,0,-0.0878467069549728,0,0,0.708737139662735
0.647999999999993,0,-1,0.933545479164179,0,0,-0.358458977195611,0.480000000000002,0,0,-0.133333333333327,0,0,0,0,-0.0110095089656472,0,0,0.768371979893256
0.695259259259252,0,-1,0.934080222537039,0,0,-0.357063212702114,0.464444444444447,0,0,-0.177777777777771,0,0,0,0,0.0717911730467305,0,0,0.828006820123777
0.740740740740734,0,-1,0.936129774948644,0,0,-0.351654723350336,0.444444444444448,0,0,-0.222222222222215,0,0,0,0,0.160555339082161,0,0,0.8876416603543
0.783999999999993,0,-1,0.939726414937202,0,0,-0.34192728038177,0.420000000000004,0,0,-0.266666666666659,0,0,0,0,0.255282989140643,0,0,0.947276500584821
0.824592592592586,0,-1,0.944833488701734,0,0,-0.327551032096848,0.391111111111116,0,0,-0.311111111111104,0,0,0,0,0.355974123222177,0,0,1.00691134081534
0.862074074074068,0,-1,0.95133086874644,0,0,-0.308171345472196,0.357777777777784,0,0,-0.355555555555548,0,0,0,0,0.462628741326764,0,0,1.06654618104586
0.895999999999994,0,-1,0.958998798063993,0,0,-0.283410136219256,0.320000000000007,0,0,-0.399999999999992,0,0,0,0,0.575246843454402,0,0,1.12618102127639
0.925925925925921,0,-1,0.967500105317922,0,0,-0.25287061159773,0.277777777777786,0,0,-0.444444444444437,0,0,0,0,0.693828429605093,0,0,1.18581586150691
0.951407407407403,0,-1,0.976360939781285,0,0,-0.216146513433381,0.23111111111112,0,0,-0.488888888888881,0,0,0,0,0.818373499778836,0,0,1.24545070173743
0.971999999999997,0,-1,0.984950421206206,0,0,-0.172837113392109,0.18000000000001,0,0,-0.533333333333325,0,0,0,0,0.948882053975631,0,0,1.30508554196795
0.987259259259257,0,-1,0.992459949692533,0,0,-0.122569361001415,0.124444444444455,0,0,-0.577777777777769,0,0,0,0,1.08535409219548,0,0,1.36472038219848
0.99674074074074,0,-1,0.997883394786303,0,0,-0.0650286891284429,0.0644444444444564,0,0,-0.622222222222214,0,0,0,0,1.22778961443838,0,0,1.424355222429
1,0,-1,1,0,0,-1.35217051924579e-14,1.29896093881142e-14,0,0,-0.666666666666658,0,0,0,0,1.37618862070433,0,0,1.48399006265951
1,0,-1,0.997378162848058,0,0,0.0723657396412984,0,0,0,0,0,0,0,0,1.51767537065668,0,0,1.41486749952351
1,0,-1,0.988555203321386,0,0,0.150859570416376,0,0,0,0,0,0,0,0,1.63937412395877,0,0,1.21698753302087
1,0,-1,0.972272439283947,0,0,0.233851029095114,0,0,0,0,0,0,0,0,1.74128488061059,0,0,1.01910756651823
1,0,-1,0.947575207274343,0,0,0.319532825479614,0,0,0,0,0,0,0,0,1.82340764061215,0,0,0.821227600015602
1,0,-1,0.913883300336455,0,0,0.405976986251867,0,0,0,0,0,0,0,0,1.88574240396345,0,0,0.623347633512961
1,0,-1,0.871039944380939,0,0,0.491212189682678,0,0,0,0,0,0,0,0,1.92828917066448,0,0,0.425467667010324
1,0,-1,0.819334683815172,0,0,0.57331551164912,0,0,0,0,0,0,0,0,1.95104794071525,0,0,0.227587700507694
1,0,-1,0.7594976114086,0,0,0.650510090824601,0,0,0,0,0,0,0,0,1.95401871411575,0,0,0.0297077340050356
1,0,-1,0.692665041580315,0,0,0.72125941253653,0,0,0,0,0,0,0,0,1.937201490866,0,0,-0.168172232497579
1,0,-1,0.620319606793065,0,0,0.78434914765562,0,0,0,0,0,0,0,0,1.90059627096597,0,0,-0.366052199000235
1,0,-1,0.544210429738864,0,0,0.838948751809931,0,0,0,0,0,0,0,0,1.84420305441569,0,0,-0.563932165502867
1,0,-1,0.466261096161632,0,0,0.884647155766723,0,0,0,0,0,0,0,0,1.76802184121514,0,0,-0.761812132005495
1,0,-1,0.388474327321186,0,0,0.921459547138317,0,0,0,0,0,0,0,0,1.67205263136432,0,0,-0.95969209850814
1,0,-1,0.312842373005491,0,0,0.949805058763267,0,0,0,0,0,0,0,0,1.55629542486324,0,0,-1.15757206501078
1,0,-1,0.241271221800268,0,0,0.970457725782533,0,0,0,0,0,0,0,0,1.4207502217119,0,0,-1.35545203151342
1,0,-1,0.175524906381877,0,0,0.98447499066235,0,0,0,0,0,0,0,0,1.2654170219103,0,0,-1.55333199801605
1,0,-1,0.117193720454885,0,0,0.993109073509019,0,0,0,0,0,0,0,0,1.09029582545843,0,0,-1.75121196451869
1,0,-1,0.067687351654834,0,0,0.997706581328376,0,0,0,0,0,0,0,0,0.895386632356296,0,0,-1.94909193102133
1,0,-1,0.0282510331493043,0,0,0.999600859906591,0,0,0,0,0,0,0,0,0.6806894426039,0,0,-2.14697189752396
1,0,-1,5.83439206800818e-15,0,0,1,0,0,0,0,0,0,0,0,0.446204256201239,0,0,-2.3448518640266
1,0,-1,-0.0163515281245538,0,0,0.999866304826796,0,0,0,0,0,0,0,0,0.210916492181033,0,0,-2.35287764020207
1,0,-1,-0.0213930644357823,0,0,0.999771142209079,0,0,0,0,0,0,0,-0,-0.00618843042398432,0,-0,-2.17104922605017
1,0,-1,-0.0160357738493385,0,0,0.999871418711953,0,0,0,0,0,0,0,-0,-0.205110511613811,0,0,-1.98922081189826
1,0,-1,-0.0011866924920312,0,0,0.999999295880217,0,0,0,0,0,0,0,-0,-0.385849751388447,0,0,-1.80739239774636
1,0,-1,0.0222436319076383,0,0,0.999752579811404,0,0,0,0,0,0,-0,0,-0.548406149747893,-0,0,-1.62556398359446
1,0,-1,0.0533255695421718,0,0,0.998577179607567,0,0,0,0,0,0,-0,0,-0.692779706692149,0,0,-1.44373556944256
1,0,-1,0.091093932631521,0,0,0.995842304502939,0,0,0,0,0,0,-0,0,-0.818970422221214,0,0,-1.26190715529066
1,0,-1,0.134535682127584,0,0,0.990908749701236,0,0,0,0,0,0,-0,0,-0.92697829633509,0,0,-1.08007874113875
1,0,-1,0.182585160122291,0,0,0.983190042312836,0,0,0,0,0,0,-0,0,-1.01680332903377,0,0,-0.898250326986851
1,0,-1,0.234128596572869,0,0,0.97220563682115,0,0,0,0,0,0,-0,0,-1.08844552031727,0,0,-0.716421912834941
1,0,-1,0.288018180877954,0,0,0.95762494092612,0,0,0,0,0,0,-0,0,-1.14190487018557,0,0,-0.534593498683049
1,0,-1,0.343094687671426,0,0,0.939300822575838,0,0,0,0,0,0,-0,0,-1.17718137863869,0,0,-0.352765084531144
1,0,-1,0.39821655038323,0,0,0.917291436240893,0,0,0,0,0,0,-0,0,-1.19427504567661,0,0,-0.170936670379243
1,0,-1,0.452292446997187,0,0,0.891869689130255,0,0,0,0,0,0,-0,0,-1.19318587129935,0,0,0.0108917437726652
1,0,-1,0.504313955776186,0,0,0.863520372666085,0,0,0,0,0,0,-0,0,-1.17391385550689,0,0,0.192720157924569
1,0,-1,0.553384687332046,0,0,0.832925799712324,0,0,0,0,0,0,-0,0,-1.13645899829924,0,0,0.374548572076467
1,0,-1,0.598742500809041,0,0,0.800941581967709,0,0,0,0,0,0,-0,0,-1.08082129967641,0,0,0.556376986228364
1,0,-1,0.639771923759289,0,0,0.768564821969714,0,0,0,0,0,0,-0,0,-1.00700075963838,0,0,0.738205400380274
1,0,-1,0.676004639503018,0,0,0.736897365560765,0,0,0,0,0,0,-0,0,-0.914997378185161,0,0,0.920033814532176
1,0,-1,0.707106781186538,0,0,0.707106781186557,0,0,0,0,0,0,-0,0,-0.804811155316754,0,0,1.10186222868407
1.00434136385092,-8.58002967713499e-05,-1,0.732988748503085,0,0,0.680240762206942,0.0852860181154184,-0.00336700350424854,0,0.805374040736928,-0.0977244416697309,0,0,0,-0.688443251344068,0,0,1.16367903972686
1.01670734650846,-0.00126580118899778,-1,0.754137306014216,0,0,0.656716775846043,0.159897399115704,-0.0242141053242662,0,0.676223669624077,-0.334985610462889,0,0,0,-0.577894826578033,0,0,1.10548424766035
1.03576058336817,-0.00583246793799116,-1,0.771115777939009,0,0,0.636694948160826,0.217552842180102,-0.0718288568495098,0,0.459007259208577,-0.615742564184087,0,0,0,-0.473165881018648,0,0,1.04728945559384
1.05931307435177,-0.0165038864440251,-1,0.784415424522561,0,0,0.620235795299731,0.248104540041215,-0.145265674281711,0,0.13624694313629,-0.83419724517393,0,0,0,-0.374256414665915,0,0,0.989094663527336
1.08417566242953,-0.0353909875036835,-1,0.79445786122162,0,0,0.607319279080755,0.242736077615835,-0.233650714605002,0,-0.246789101045921,-0.904152587302718,0,0,0,-0.281166427519832,0,0,0.93089987146083
1.1065969844786,-0.0631687602752716,-1,0.801600028589564,0,0,0.597860681233688,0.199810650003891,-0.320104651845118,0,-0.597969462434849,-0.796900051768485,0,0,0,-0.1938959195804,0,0,0.872705079394321
1.12314293712695,-0.0988008911949497,-1,0.806140856211019,0,0,0.591723685470985,0.1272866089057,-0.388471507586879,0,-0.826515921555117,-0.554450291236461,0,0,0,-0.112444890847618,0,0,0.814510287327816
1.13156554903719,-0.139937256722803,-1,0.808328954403506,0,0,0.588731094365614,0.0401449594620751,-0.429381921819456,0,-0.888036964411388,-0.263499829450669,0,0,0,-0.0368133413214871,0,0,0.756315495261309
1.13123677315872,-0.183740656650224,-1,0.808370821430017,0,0,0.588673606560172,-0.0451832836069219,-0.442430020747353,0,-0.796735682848086,-0.00894515143703173,0,0,0,0.0329987289979931,0,0,0.698120703194802
1.12302477619797,-0.227705675308529,-1,0.806439175552218,0,0,0.591317052125726,-0.115839528400209,-0.434031001187742,0,-0.604727730678891,0.161397169650689,0,0,0,0.0969913201108226,0,0,0.639925911128295
1.1087996643442,-0.270130616765038,-1,0.802681115444397,0,0,0.596408439669442,-0.164753405207667,-0.413088571432921,0,-0.370929021366923,0.244665585551511,0,0,0,0.155164432017001,0,0,0.581731119061787
1.09086157483868,-0.310158204229905,-1,0.797225884635933,0,0,0.60368111521436,-0.190162250315667,-0.387064298418847,0,-0.140606999123855,0.269283421438723,0,0,0,0.207518064716529,0,0,0.523536326995281
1.07149107912058,-0.347508817314296,-1,0.790192070874369,0,0,0.612859275141755,-0.193921490993164,-0.359870043688746,0,0.05872061579687,0.274533943634814,0,0,0,0.254052218209407,0,0,0.465341534928776
1.0526690025314,-0.382101620763881,-1,0.781694114159066,0,0,0.623662017353208,-0.179966381208154,-0.331667583014564,0,0.211796799214425,0.293952282773249,0,0,0,0.294766892495634,0,0,0.407146742862268
1.03591891585469,-0.413726930660898,-1,0.771848031502689,0,0,0.635807058993076,-0.153398305353249,-0.299970698113204,0,0.30996673700332,0.346043491013412,0,0,0,0.32966208757521,0,0,0.348951950795761
1.02222008766427,-0.441862805975118,-1,0.760776295232116,0,0,0.649014197543395,-0.119904064028442,-0.261306322814948,0,0.350525142095916,0.432267846276093,0,0,0,0.358737803448135,0,0,0.290757158729253
1.01198363746497,-0.465656816172159,-1,0.748611827016645,0,0,0.663008546287905,-0.0850006747978217,-0.212752224667297,0,0.340311851387752,0.541285438925492,0,0,0,0.38199404011441,0,0,0.232562366662747
1.00512392649932,-0.48403247233585,-1,0.735501093204985,0,0,0.677523536044522,-0.0528898817391543,-0.152827227777831,0,0.299069355627204,0.657082127684159,0,0,0,0.399430797574034,0,0,0.17436757459624
1.00125507147568,-0.495842861857588,-1,0.721606309158776,0,0,0.692303643340297,-0.0251773126444743,-0.0815545493923777,0,0.258289519244371,0.766519440699763,0,0,0,0.411048075827007,0,0,0.116172782529734
1,-0.5,-1,0.707106781186554,0,0,0.707106781186541,-1.03681242269297e-14,-3.51396945640543e-14,0,0.254254375286646,0.86172010419602,0,0,0,0.41684587487333,0,0,0.0579779904632277
0.99875236943267,-0.504163560337668,-1,0.692161890175018,0,0,0.721742279341695,-0.0250168497863736,-0.0822201916883798,0,-0.255283367973112,-0.7896690881089,0,0,0,0.419945374346592,0,0,0.0309949947326155
0.994923398658671,-0.516213860571924,-1,0.676792283298288,0,0,0.736174031916292,-0.0521968238101943,-0.157534485106927,0,-0.293168336569426,-0.714569652877326,0,0,0,0.423467753880387,0,0,0.0352237953379542
0.988142759652191,-0.535398988006103,-1,0.660981760292261,0,0,0.750401967322144,-0.0844498551176915,-0.224698869320526,0,-0.35503004358485,-0.62638374617358,0,0,0,0.427413013474716,0,0,0.0394525959432895
0.97780044268256,-0.560835429260551,-1,0.644713344443192,0,0,0.764424426282202,-0.123657922922041,-0.282310488168289,0,-0.430543872606697,-0.523187320387027,0,0,0,0.431781153129579,0,0,0.0436813965486244
0.963149924195556,-0.591489847451122,-1,0.627969344618184,0,0,0.778238075539747,-0.170669245545432,-0.328781216636566,0,-0.509382509260725,-0.403381313774879,0,0,0,0.436572172844975,0,0,0.0479101971539625
0.943411263564926,-0.626163891253823,-1,0.610731421445142,0,0,0.791837818533313,-0.225307427945784,-0.362420357043481,0,-0.581430579587232,-0.266649789574139,0,0,0,0.441786072620905,0,0,0.0521389977592973
0.917871932254594,-0.663491592820201,-1,0.592980658370195,0,0,0.805216703005377,-0.286410591015959,-0.381598868077246,0,-0.637173631834121,-0.114626857487368,0,0,0,0.447422852457368,0,0,0.0563677983646332
0.885981493340886,-0.701955994326668,-1,0.574697638365912,0,0,0.818365825567419,-0.351918011690138,-0.3849642757777,0,-0.668252763731201,0.0487622443879545,0,0,0,0.453482512354365,0,0,0.0605965989699714
0.847434640225867,-0.739928390713542,-1,0.555862527109551,0,0,0.831274233304139,-0.419017982825301,-0.371672198147846,0,-0.66811960633488,0.217312950285139,0,0,0,0.459965052311896,0,0,0.0648253995753068
0.802236133168279,-0.775730067677365,-1,0.536455163496614,0,0,0.84392882256611,-0.484361923538228,-0.341598787005795,0,-0.632686591172842,0.382908830898014,0,0,0,0.46687047232996,0,0,0.0690542001806427
0.750741234799098,-0.807712889605746,-1,0.51645515840086,0,0,0.856314235173714,-0.544338152994893,-0.295499936799297,0,-0.56084915471105,0.536209182718502,0,0,0,0.474198772408558,0,0,0.0732830007859836
0.693666521007126,-0.834351928659382,-1,0.495842002637125,0,0,0.868412752336587,-0.595386518418653,-0.235088890276101,0,-0.454763020372551,0.667576426267566,0,0,0,0.48194995254769,0,0,0.077511801391314
0.63206836675571,-0.854340962513142,-1,0.474595185127124,0,0,0.880204186682926,-0.634324741289783,-0.163014019001896,0,-0.319790711847444,0.768122276754212,0,0,0,0.490124012747355,0,0,0.0817406019966532
0.567289671462701,-0.866680502496638,-1,0.452694322310228,0,0,0.891665772892558,-0.658651163358581,-0.0827321196814457,0,-0.164082113863708,0.830725727449626,0,0,0,0.498720953007554,0,0,0.0859694026019875
0.500878996761037,-0.870748298403353,-1,0.430119299880028,0,0,0.902772057537624,-0.666788066999328,0.00171237282416322,0,0.00218511944325624,0.850872864355288,0,0,0,0.507740773328286,0,0,0.0901982032073262
0.434489641148887,-0.866344028598782,-1,0.406850427962323,0,0,0.913494788855894,-0.658235351148315,0.0859777943381584,0,0.167820342432495,0.827191575470414,0,0,0,0.517183473709552,0,0,0.0944270038126593
0.369768689935671,-0.853702896207985,-1,0.382868610879784,0,0,0.923802807314951,-0.633615257503827,0.165750273791226,0,0.321759846186559,0.761600471405507,0,0,0,0.527049054151352,0,0,0.0986558044179986
0.308247312289351,-0.833476658628579,-1,0.358155532671481,0,0,0.933661937971559,-0.594603143923244,0.237063269787914,0,0.454180399387344,0.659052426571113,0,0,0,0.537337514653686,0,0,0.102884605023333
0.251243318728152,-0.8066846174929,-1,0.332693859550174,0,0,0.943034885790345,-0.543754370168489,0.296572794397872,0,0.55744126235764,0.526917209169004,0,0,0,0.548048855216553,0,0,0.10711340562867
0.199785304510613,-0.774640659388928,-1,0.306467460484812,0,0,0.951881135260065,-0.484250445301581,0.341756800199671,0,0.626742007495375,0.374102268090651,0,0,0,0.559183075839953,0,0,0.111342206234007
0.154564905542826,-0.738865026522198,-1,0.279461647088112,0,0,0.96015685583492,-0.419596408428718,0.371019065333269,0,0.660434633617313,0.210045951098937,0,0,0,0.570740176523888,0,0,0.115571006839342
0.115920285915673,-0.700990763336691,-1,0.251663433966838,0,0,0.967814814933114,-0.353304636874683,0.383692082456565,0,0.659987319796962,0.0437280812070099,0,0,0,0.582720157268355,0,0,0.119799807444679
0.083850538625434,-0.662674622905975,-1,0.223061820653076,0,0,0.974804300445446,-0.288597723679973,0.379947465645849,0,0.62965190784874,-0.117170536064114,0,0,0,0.595123018073357,0,0,0.124028608050017
0.0580577524596215,-0.625520754384747,-1,0.193648096175259,0,0,0.98107105494337,-0.228155674625823,0.360634081061571,0,0.575927856979852,-0.266859780225214,0,0,0,0.607948758938892,0,0,0.12825740865535
0.0380114797577747,-0.591023039128717,-1,0.16341616724488,0,0,0.986557224028588,-0.173922200895822,0.327072083528447,0,0.506935731945008,-0.401724133808245,0,0,0,0.621197379864961,0,0,0.132486209260689
0.0230294334280345,-0.560528899535937,-1,0.132362910925004,0,0,0.991201321534359,-0.126973489963968,0.280834874040954,0,0.431811392986473,-0.520280217193697,0,0,0,0.634868880851564,0,0,0.136715009866025
0.0123684299102217,-0.535224166956999,-1,0.100488552506227,0,0,0.994938214571741,-0.0874426776864666,0.223551197765428,0,0.360209820744217,-0.622820389271199,0,0,0,0.6489632618987,0,0,0.140943810471359
0.00532065881974331,-0.51613546958228,-1,0.0677970691400837,0,0,0.997699131710565,-0.054486161389128,0.156757394182431,0,0.301968964498222,-0.710771502656544,0,0,0,0.663480523006369,0,0,0.145172611076697
0.00131191793274577,-0.504143753747146,-1,0.034296619564946,0,0,0.999411697893524,-0.0262753002143109,0.0818267150334279,0,0.26693337439077,-0.785799294138445,0,0,0,0.678420664174573,0,0,0.149401411682035
0,-0.5,-1,6.12323399573677e-17,0,0,1,-0,0,0,-0.225222566390217,0.721623397629239,0,0,0,0.69378368540331,0,0,0.153630212287369
-0.00107599054994608,-0.496508258822758,-1,-0.0350633408571295,0,0,0.999385092008049,-0.0209019418513892,0.0687065153890661,0,-0.188335882224384,0.653849450936497,0,0,0,0.708877170652845,0,0,0.150934852495349
-0.004017595616615,-0.486473344985204,-1,-0.0708123704313807,0,0,0.997489653176357,-0.0369573615646367,0.130956621354186,0,-0.130152326759811,0.591653551140451,0,0,0,0.72300870388344,0,0,0.141315332305957
-0.00825215898026083,-0.470521506043421,-1,-0.107149271292313,0,0,0.994242944989567,-0.0465893321437711,0.187053415835791,0,-0.061647958894974,0.52997941716597,0,0,0,0.736178285095098,0,0,0.131695812116576
-0.0131031049842387,-0.449272917721471,-1,-0.143971415558915,0,0,0.989581846792857,-0.0492821993176362,0.236831871482611,0,0.00705158146174453,0.464755435905583,0,0,0,0.748385914287817,0,0,0.122076291927192
-0.0178905947659009,-0.423381575535225,-1,-0.181171886169416,0,0,0.983451446519764,-0.0454601500818069,0.27981371526559,0,0.0673919833507269,0.393881468251399,0,0,0,0.759631591461598,0,0,0.112456771737808
-0.0220165201109233,-0.393556173405063,-1,-0.218640073180816,0,0,0.975805574076869,-0.0362965063373939,0.315418901694435,0,0.113041861527884,0.317385018943585,0,0,0,0.76991531661644,0,0,0.10283725154842
-0.025027433973915,-0.360560265453875,-1,-0.256262338669576,0,0,0.966607269670366,-0.0234664842479887,0.343157363269018,0,0.140345113575794,0.236913032544321,0,0,0,0.779237089752343,0,0,0.0932177313590354
-0.026651014748122,-0.325196533048058,-1,-0.293922742756539,0,0,0.955829179974368,-0.00887078238463327,0.362749180410991,0,0.148434659077705,0.154865746650154,0,0,0,0.787596910869309,0,0,0.0835982111696543
-0.0268049652490365,-0.288283531338987,-1,-0.331503822317338,0,0,0.943453875814284,0.00563288292910407,0.374154530522446,0,0.138962480981468,0.0735118306047062,0,0,0,0.794994779967335,0,0,0.0739786909802653
-0.0255809850246193,-0.250633537439284,-1,-0.36888741308548,0,0,0.929474085957808,0.0184546079030856,0.377525907126231,0,0.115516567299655,-0.00564679910858883,0,0,0,0.801430697046423,0,0,0.0643591707908797
-0.0232095260265126,-0.213037741560321,-1,-0.405955505128247,0,0,0.913892842655018,0.0284289354007504,0.373115448236257,0,0.0828657564587832,-0.0821282775527467,0,0,0,0.806904662106574,0,0,0.0547396506015041
-0.0200127611652694,-0.176261327105075,-1,-0.442591121093042,0,0,0.896723535728601,0.0348935074948605,0.361175998377058,0,0.0461764255420778,-0.156355762333504,0,0,0,0.811416675147784,0,0,0.0451201304121063
-0.0163535156882978,-0.14104739345106,-1,-0.478679206198087,0,0,0.877989873263678,0.0376923603175456,0.341887317434259,0,0.0103004653120732,-0.229295706589142,0,0,0,0.814966736170057,0,0,0.0355006102227295
-0.0125872440729121,-0.108126247408785,-1,-0.514107518688081,0,0,0.857725748260121,0.0371136884313296,0.315323792393535,0,-0.0208190929638166,-0.302018237804216,0,0,0,0.817554845173391,0,0,0.0258810900333406
-0.00902298415354818,-0.0782257988032423,-1,-0.548767509400169,0,0,0.835975011963118,0.033774765189826,0.281463329285644,0,-0.0446086255721757,-0.375335365151257,0,0,0,0.819181002157788,0,0,0.0162615698439628
-0.0058978795959179,-0.052079524878561,-1,-0.582555179192491,0,0,0.812791155953364,0.0284681844850007,0.240224130743897,0,-0.0601722968089402,-0.449615056752303,0,0,0,0.819845207123245,0,0,0.00664204965457271
-0.00336832000776843,-0.0304301595930749,-1,-0.615371903276628,0,0,0.788236906429596,0.0219864854698009,0.191510158221751,0,-0.0684068639658428,-0.524789765457263,0,0,0,0.819547460069763,0,0,-0.00297747053481512
-0.00151879182515385,-0.0140291449051614,-1,-0.647125211962429,0,0,0.762383735426315,0.0149476207847819,0.135248112309166,0,-0.0718578138481816,-0.600503267140708,0,0,0,0.818287760997344,0,0,-0.0125969907241974
-0.000386938419658318,-0.00363322812670225,-1,-0.677729517960936,0,0,0.735311294952306,0.0076508613050768,0.0714068676763974,0,-0.0742421738314682,-0.67629750496203,0,0,0,0.816066109905985,0,0,-0.0222165109135819
0,0,-1,0.707106781186556,0,0,-0.707106781186539,0,0,1.89478062869358e-14,0,0,0.666666666666654,0,0,0.812882506795689,0,0,-0.0318360311029664
0,0,-0.996740740740739,0.735183712769774,0,0,-0.677867913739875,0,0,0.064444444444463,0,0,0.622222222222209,0,0,0.80843687752792,0,0,-0.0444562926776881
0,0,-0.987259259259255,0.761883328033401,0,0,-0.647714284592172,0,0,0.124444444444462,0,0,0.577777777777764,0,0,0.802429147964145,0,0,-0.0600772956377538
0,0,-0.971999999999994,0.787137771237142,0,0,-0.616777211877859,0,0,0.180000000000017,0,0,0.533333333333319,0,0,0.794859318104363,0,0,-0.0756982985978139
0,0,-0.951407407407399,0.810892542775319,0,0,-0.58519508206356,0,0,0.231111111111128,0,0,0.488888888888874,0,0,0.785727387948576,0,0,-0.0913193015578739
0,0,-0.925925925925916,0.833106880043211,0,0,-0.553112037859118,0,0,0.277777777777794,0,0,0.444444444444429,0,0,0.775033357496782,0,0,-0.106940304517934
0,0,-0.895999999999988,0.85375396361678,0,0,-0.520676645922052,0,0,0.320000000000015,0,0,0.399999999999984,0,0,0.762777226748983,0,0,-0.122561307477992
0,0,-0.86207407407406,0.87282094609302,0,0,-0.488040568048687,0,0,0.357777777777791,0,0,0.355555555555538,0,0,0.748958995705177,0,0,-0.138182310438061
0,0,-0.824592592592577,0.890308804024546,0,0,-0.455357259167329,0,0,0.391111111111124,0,0,0.311111111111093,0,0,0.733578664365366,0,0,-0.153803313398115
0,0,-0.783999999999983,0.906232016311683,0,0,-0.422780714569222,0,0,0.420000000000011,0,0,0.266666666666648,0,0,0.716636232729548,0,0,-0.16942431635818
0,0,-0.740740740740722,0.920618075109725,0,0,-0.390464287459511,0,0,0.444444444444454,0,0,0.222222222222203,0,0,0.698131700797724,0,0,-0.185045319318237
0,0,-0.695259259259239,0.933506837697903,0,0,-0.358559596122126,0,0,0.464444444444452,0,0,0.177777777777758,0,0,0.678065068569894,0,0,-0.200666322278302
0,0,-0.647999999999978,0.944949729779591,0,0,-0.327215537817931,0,0,0.480000000000006,0,0,0.133333333333313,0,0,0.656436336046058,0,0,-0.216287325238362
0,0,-0.599407407407384,0.955008812292221,0,0,-0.296577424029884,0,0,0.491111111111115,0,0,0.088888888888868,0,0,0.633245503226216,0,0,-0.231908328198418
0,0,-0.549925925925902,0.963755724964619,0,0,-0.266786248892109,0,0,0.49777777777778,0,0,0.044444444444423,0,0,0.608492570110367,0,0,-0.247529331158487
0,0,-0.499999999999975,0.971270520547948,0,0,-0.237978099653138,0,0,0.5,0,0,-2.20934381900406e-14,0,0,0.582177536698512,0,0,-0.263150334118546
0,0,-0.450074074074049,0.977640403856691,0,0,-0.210283714887593,0,0,0.497777777777775,0,0,-0.0444444444444672,0,0,0.554300402990652,0,0,-0.278771337078605
0,0,-0.400592592592567,0.98295838949552,0,0,-0.183828192942145,0,0,0.491111111111106,0,0,-0.0888888888889122,0,0,0.524861168986785,0,0,-0.294392340038665
0,0,-0.351999999999974,0.987321891437499,0,0,-0.158730849831657,0,0,0.479999999999993,0,0,-0.133333333333357,0,0,0.493859834686913,0,0,-0.310013342998728
0,0,-0.304740740740715,0.99083125649343,0,0,-0.135105222532853,0,0,0.464444444444435,0,0,-0.177777777777802,0,0,0.461296400091034,0,0,-0.325634345958789
0,0,-0.259259259259234,0.993588252218341,0,0,-0.113059210388637,0,0,0.444444444444432,0,0,-0.222222222222248,0,0,0.427170865199149,0,0,-0.341255348918849
0,0,-0.215999999999976,0.995694517998069,0,0,-0.0926953441581251,0,0,0.419999999999984,0,0,-0.266666666666693,0,0,0.391483230011258,0,0,-0.356876351878908
0,0,-0.175407407407384,0.997249986016235,0,0,-0.0741111691354157,0,0,0.391111111111092,0,0,-0.311111111111138,0,0,0.354233494527361,0,0,-0.372497354838974
0,0,-0.137925925925904,0.998351276599691,0,0,-0.0573997257116088,0,0,0.357777777777756,0,0,-0.355555555555583,0,0,0.315421658747457,0,0,-0.388118357799032
0,0,-0.10399999999998,0.99909007016809,0,0,-0.042650107755088,0,0,0.319999999999975,0,0,-0.400000000000028,0,0,0.275047722671548,0,0,-0.403739360759092
0,0,-0.0740740740740564,0.999551455769722,0,0,-0.0299480762091598,0,0,0.277777777777749,0,0,-0.444444444444473,0,0,0.233111686299633,0,0,-0.419360363719154
0,0,-0.0485925925925774,0.99981225407936,0,0,-0.0193767023187567,0,0,0.231111111111079,0,0,-0.488888888888918,0,0,0.189613549631711,0,0,-0.434981366679216
0,0,-0.027999999999988,0.999939310883286,0,0,-0.0110170118570651,0,0,0.179999999999964,0,0,-0.533333333333363,0,0,0.144553312667784,0,0,-0.450602369639276
0,0,-0.0127407407407323,0.999987755611071,0,0,-0.00494859858263652,0,0,0.124444444444405,0,0,-0.577777777777808,0,0,0.0979309754078498,0,0,-0.466223372599338
0,0,-0.00325925925925474,0.99999921853484,0,0,-0.00125017187187471,0,0,0.064444444444401,0,0,-0.622222222222253,0,0,0.04974653785191,0,0,-0.481844375559397
